reference,theme,heading
John 3:16,love,
Jeremiah 29:11,hope,
Philippians 4:13,strength,
Romans 8:28,trust,
Proverbs 3:5-6,trust,
Isaiah 40:31,strength,
Psalm 23:1,provision,"A Psalm of David."
Joshua 1:9,courage,
Philippians 4:6-7,peace,
Matthew 11:28,rest,
Isaiah 41:10,courage,
Romans 12:2,renewal,
2 Timothy 1:7,courage,
Psalm 46:1,refuge,"For the choirmaster. Of the sons of Korah. According to Alamoth. A song."
Hebrews 11:1,faith,
Galatians 5:22-23,character,
1 Corinthians 13:4-5,love,
Lamentations 3:22-23,mercy,
Matthew 6:33,priorities,
Psalm 119:105,guidance,
Romans 15:13,hope,
Ephesians 2:8-9,grace,
John 14:27,peace,
2 Corinthians 5:17,renewal,
Psalm 37:4,delight,
Micah 6:8,justice,
1 Peter 5:7,anxiety,
James 1:5,wisdom,
Zephaniah 3:17,love,
Psalm 34:18,comfort,
Deuteronomy 31:6,courage,
Matthew 5:16,witness,
Hebrews 13:8,faithfulness,
Numbers 6:24-26,blessing,
John 16:33,peace,
Romans 5:8,love,
Psalm 27:1,courage,"Of David."
Isaiah 26:3,peace,
Colossians 3:23,work,
1 John 4:19,love,
Psalm 46:10,stillness,
Matthew 28:20,presence,
Proverbs 16:3,work,
Romans 8:38-39,love,
Isaiah 43:2,presence,
Ephesians 3:20,power,
Psalm 121:1-2,help,"A song of ascents."
John 15:5,abiding,
2 Corinthians 12:9,grace,
Psalm 139:14,identity,
Galatians 6:9,perseverance,
1 Thessalonians 5:16-18,gratitude,
Hebrews 12:1,perseverance,
Isaiah 53:5,salvation,
Matthew 5:9,peace,
John 8:12,light,
Ecclesiastes 3:1,seasons,
Psalm 16:11,joy,
Ephesians 4:32,kindness,
Romans 10:9,salvation,
Proverbs 18:10,refuge,
James 1:17,gratitude,
Psalm 91:1-2,refuge,
1 Corinthians 10:13,faithfulness,
John 11:25,life,
Nehemiah 8:10,joy,
Matthew 7:7,prayer,
Psalm 55:22,anxiety,
Isaiah 55:8-9,trust,
1 John 1:9,forgiveness,
Hebrews 4:16,grace,
Psalm 30:5,joy,
Colossians 3:12,character,
Romans 12:12,hope,
2 Chronicles 7:14,prayer,
John 10:10,life,
Psalm 103:2-3,gratitude,
Philippians 1:6,faithfulness,
Mark 10:27,faith,
Psalm 118:24,joy,
Isaiah 40:8,scripture,
Ephesians 6:10,strength,
1 Peter 2:9,identity,
Proverbs 27:17,friendship,
John 13:34,love,
Psalm 62:1-2,rest,"For the choirmaster. According to Jeduthun. A Psalm of David."
Romans 8:1,freedom,
Galatians 2:20,identity,
Matthew 6:34,anxiety,
Exodus 14:14,trust,
2 Corinthians 4:16-17,perseverance,
Psalm 19:14,prayer,
Hebrews 10:23,hope,
James 1:2-3,perseverance,
Proverbs 4:23,heart,
1 John 4:18,love,
Isaiah 30:15,rest,
Matthew 22:37-39,love,
Psalm 73:26,strength,
John 14:6,truth,
Romans 12:10,kindness,
Colossians 3:15,peace,
Psalm 32:8,guidance,
Philippians 4:8,mind,
2 Thessalonians 3:3,faithfulness,
1 Samuel 16:7,heart,
Psalm 86:15,mercy,
Matthew 5:14,light,
Ephesians 2:10,purpose,
Isaiah 9:6,hope,
Romans 6:23,salvation,
Psalm 145:18,prayer,
John 1:5,light,
Hebrews 13:5,contentment,
Proverbs 16:9,guidance,
1 Corinthians 16:14,love,
Psalm 4:8,rest,
Isaiah 58:11,guidance,
Luke 1:37,faith,
Psalm 90:12,wisdom,
Romans 5:3-4,perseverance,
James 4:8,prayer,
Matthew 19:26,faith,
Philippians 4:19,provision,
Psalm 100:4-5,gratitude,
1 Peter 3:15,witness,
Job 19:25,hope,
Ephesians 5:2,love,
Psalm 51:10,renewal,
Isaiah 12:2,trust,
John 15:13,love,
Colossians 4:2,prayer,
Proverbs 15:1,kindness,
2 Corinthians 9:7,generosity,
Psalm 40:1-2,help,"For the choirmaster. A Psalm of David."
Matthew 5:3-4,comfort,
Romans 12:18,peace,
1 Thessalonians 5:11,encouragement,
Psalm 107:1,gratitude,
Habakkuk 3:17-18,joy,
John 6:35,provision,
Galatians 5:1,freedom,
Psalm 18:2,refuge,
Isaiah 61:1,freedom,
Hebrews 12:2,focus,
Proverbs 31:25,strength,
1 John 3:18,love,
Psalm 25:4-5,guidance,
Matthew 18:20,presence,
Romans 13:8,love,
Deuteronomy 6:5,love,
Psalm 31:24,courage,
John 20:29,faith,
Ephesians 4:2-3,unity,
Isaiah 54:10,love,
2 Peter 3:9,patience,
Psalm 147:3,healing,
Luke 6:31,kindness,
1 Corinthians 15:57,victory,
Psalm 94:19,comfort,
Genesis 1:1,creation,
John 1:14,incarnation,
Revelation 21:4,hope,
Psalm 150:6,praise,
